filename,LOC,Cyclomatic Complexity,Halstead Volume,Maintainability Index
s082356343.py,10,0,13.93,74.88
s263691840.py,5,0,53.77,72.5
s295817617.py,4,0,77.71,76.22
s299227480.py,SKIPPED,SKIPPED,SKIPPED,SKIPPED
s371528449.py,6,0,53.77,72.5
s477555198.py,17,1.33,49.83,64.99
s531798554.py,4,0,27.0,79.44
s687420848.py,4,0,70.32,73.8
s825498722.py,3,0,27.0,79.3
s996953065.py,3,0,68.53,76.6
s041023618.py,11,0,206.32,62.84
s136888622.py,10,0,274.02,63.1
s170928938.py,9,0,184.48,65.56
s620663854.py,8,0,242.5,64.6
s643750155.py,21,0,540.48,52.22
s725231104.py,8,0,332.93,66.96
s867076447.py,16,0,152.93,86.14
s899881145.py,7,0,187.3,66.98
s901218275.py,14,0,189.99,63.09
s987693865.py,11,0,366.3,61.1
s010390929.py,19,0,53.77,62.34
s095091093.py,5,0,68.53,69.63
s135656176.py,11,0,57.11,64.31
s142516772.py,10,0,68.53,68.04
s203706589.py,7,0,68.53,66.91
s289863926.py,10,0,85.84,63.21
s304863237.py,22,0,70.32,62.23
s374724809.py,11,0,82.04,63.34
s538701082.py,15,0,68.53,63.76
s736665972.py,12,0,55.51,64.53
s011154230.py,16,2.0,68.53,62.44
s079669196.py,19,0,264.97,54.47
s225119869.py,13,0,102.8,61.7
s312976791.py,14,0,69.76,64.74
s625777569.py,36,2.0,171.18,51.33
s646573817.py,13,0,79.73,63.3
s657725502.py,20,0,135.71,71.14
s700235724.py,25,0,100.08,57.21
s914039331.py,13,4.0,36.0,64.89
s935162273.py,16,0,185.44,59.28
s056071335.py,36,2.5,45.0,72.62
s082272685.py,77,1.86,45.0,48.34
s396380319.py,13,0,4.75,68.8
s476712717.py,37,1.75,45.0,53.84
s543580433.py,18,5.0,77.71,60.3
s670868279.py,64,1.75,45.0,50.61
s771095630.py,42,1.75,33.69,56.33
s831963651.py,14,0,20.9,65.78
s844228197.py,28,3.5,31.02,71.16
s921223902.py,43,2.6,20.9,80.97
s096014979.py,82,5.0,377.86,53.85
s247091116.py,60,3.0,77.71,49.2
s303658684.py,32,3.33,77.71,53.58
s383138786.py,79,2.5,168.56,45.11
s650026017.py,108,5.38,738.0,48.15
s661652946.py,89,1.83,46.53,44.85
s677932982.py,44,2.5,178.41,63.12
s713234703.py,65,3.75,137.61,53.11
s787199211.py,113,2.8,499.76,64.6
s898678511.py,14,8.0,27.0,63.11
s095287762.py,29,3.0,15.51,63.47
s139149899.py,60,4.0,62.27,49.09
s619136212.py,142,1.42,476.48,48.91
s641749477.py,36,2.0,3.0,61.37
s756741257.py,50,8.0,111.01,73.63
s757177729.py,108,3.75,146.72,64.36
s784239905.py,136,2.18,297.25,61.46
s801841137.py,52,2.5,62.27,57.58
s852483591.py,88,3.33,305.53,51.78
s935906381.py,80,1.64,131.69,41.95
s033395837.py,42,1.0,417.65,46.7
s099459554.py,SKIPPED,SKIPPED,SKIPPED,SKIPPED
s188548412.py,124,5.8,250.77,52.35
s192345507.py,102,2.06,288.64,54.5
s280534400.py,61,2.33,71.7,55.84
s354294286.py,36,2.0,39.86,52.7
s494080455.py,17,0,15.51,64.32
s504080258.py,56,2.5,615.4,54.17
s918339289.py,57,1.2,348.79,41.56
s998928721.py,51,2.17,24.0,54.5
s018978083.py,3,0,4.75,88.56
s229250700.py,SKIPPED,SKIPPED,SKIPPED,SKIPPED
s265673579.py,12,1.0,15.51,100.0
s282957841.py,4,0,0,100.0
s308162710.py,SKIPPED,SKIPPED,SKIPPED,SKIPPED
s466621024.py,6,1.0,0,100.0
s512922599.py,4,0,4.75,84.72
s652650215.py,4,0,0,100.0
s840646193.py,2,0,4.75,88.56
s948994129.py,5,0,4.75,84.72
s006670201.py,8,0,33.69,76.04
s035164203.py,4,0,38.04,75.67
s065574246.py,3,0,33.69,78.76
s086421016.py,3,0,27.0,79.44
s143748270.py,6,0,33.69,72.2
s155183050.py,12,1.0,27.0,69.03
s303173206.py,11,0,62.27,95.03
s330797972.py,7,0,33.69,70.74
s342764925.py,3,0,72.0,76.18
s691583660.py,8,1.0,38.04,71.69
s167617880.py,5,0,59.79,72.18
s222227402.py,6,0,59.79,70.45
s279303903.py,SKIPPED,SKIPPED,SKIPPED,SKIPPED
s435912433.py,5,0,108.0,70.38
s507380205.py,7,0,42.11,73.24
s765289908.py,8,0,59.79,70.45
s838037566.py,SKIPPED,SKIPPED,SKIPPED,SKIPPED
s897472307.py,6,0,147.16,69.44
s974392022.py,9,0,88.81,69.25
s984210501.py,1,0,31.02,82.85
s101280927.py,7,0,12.0,73.61
s258130823.py,9,0,12.0,71.22
s489329626.py,8,0,12.0,73.47
s554781057.py,9,0,12.0,73.61
s570849137.py,8,0,12.0,72.34
s634967546.py,10,0,12.0,72.34
s780434119.py,8,0,12.0,72.34
s859035826.py,8,0,15.51,72.69
s977378685.py,8,0,23.26,70.19
s980281597.py,12,0,12.0,95.46
s088261359.py,5,0,25.27,74.53
s178465495.py,16,0,50.0,61.03
s255090983.py,7,0,10.0,75.75
s398481785.py,6,0,20.68,75.27
s413915184.py,8,0,10.0,73.03
s584180070.py,7,0,10.0,77.35
s662145499.py,5,0,10.0,77.35
s743841156.py,12,1.5,15.51,70.44
s791577828.py,1,0,10.0,86.16
s967421224.py,4,0,10.0,82.32
s004821086.py,14,0,18.0,65.67
s107203033.py,6,0,15.51,74.29
s127780162.py,SKIPPED,SKIPPED,SKIPPED,SKIPPED
s179450449.py,4,0,4.75,81.86
s264999662.py,13,0,60.0,62.17
s339999941.py,37,0,142.17,52.82
s428604004.py,7,1.0,4.75,79.74
s441941269.py,17,0,211.52,57.52
s491337102.py,7,0,0,100.0
s570872110.py,3,0,0,100.0
s264857088.py,27,0,108.0,57.57
s343134940.py,5,0,123.19,69.44
s428274811.py,2,0,123.19,78.12
s433923450.py,5,0,89.86,70.27
s504623316.py,6,0,194.51,67.78
s693269647.py,10,3.0,120.0,66.47
s774702552.py,9,0,82.45,67.48
s810268899.py,SKIPPED,SKIPPED,SKIPPED,SKIPPED
s875752802.py,7,0,89.86,70.4
s908439862.py,8,0,89.86,70.4
s990723931.py,18,0,15.51,84.63
s991709461.py,10,0,28.53,68.59
s993872842.py,8,0,15.51,71.56
s995405685.py,7,0,66.61,69.85
s996883089.py,11,0,15.51,71.56
s997088185.py,SKIPPED,SKIPPED,SKIPPED,SKIPPED
s997655254.py,7,0,15.51,72.82
s997988843.py,7,0,15.51,74.29
s998630458.py,7,0,15.51,72.82
s999951009.py,10,0,4.75,72.91
s006645469.py,4,0,4.75,79.61
s071776650.py,11,0,25.27,68.69
s085864513.py,9,0,4.75,75.02
s116762267.py,4,0,10.0,77.35
s505486004.py,8,0,36.0,68.73
s541731237.py,7,0,15.51,69.31
s608838695.py,6,0,25.27,72.67
s708103246.py,7,0,36.0,68.73
s860912947.py,15,0,55.51,61.84
s882925840.py,14,0,39.86,63.12
s013300062.py,14,0,69.76,64.74
s096048309.py,7,0,39.86,71.41
s481380826.py,7,0,39.86,69.95
s506877299.py,SKIPPED,SKIPPED,SKIPPED,SKIPPED
s530686748.py,8,0,39.86,93.3
s561025503.py,4,0,28.53,79.0
s587727287.py,6,0,68.53,69.77
s666005500.py,10,0,51.89,65.64
s689013232.py,7,0,39.86,71.41
s764158731.py,12,0,159.91,61.54
s044588462.py,5,0,77.71,71.38
s097035551.py,SKIPPED,SKIPPED,SKIPPED,SKIPPED
s184751700.py,4,0,20.9,100.0
s348196604.py,SKIPPED,SKIPPED,SKIPPED,SKIPPED
s388797281.py,5,0,20.9,75.37
s428316024.py,2,0,33.69,82.6
s467650126.py,SKIPPED,SKIPPED,SKIPPED,SKIPPED
s507883283.py,2,0,20.9,80.21
s672293141.py,SKIPPED,SKIPPED,SKIPPED,SKIPPED
s704308845.py,5,0,75.28,100.0
s262396358.py,3,0,31.02,79.01
s301962781.py,8,0,31.02,74.17
s349012706.py,5,0,31.02,74.17
s427375336.py,4,0,31.02,76.29
s501232072.py,SKIPPED,SKIPPED,SKIPPED,SKIPPED
s516128771.py,8,0,31.02,74.17
s733437991.py,4,0,33.69,76.04
s789703302.py,4,0,49.83,74.85
s815513283.py,2,0,33.69,78.76
s976254415.py,3,0,47.55,77.71
s027399995.py,17,0,114.22,57.67
s033499111.py,SKIPPED,SKIPPED,SKIPPED,SKIPPED
s083799619.py,4,0,4.75,79.61
s175101800.py,15,0,114.69,61.1
s359296711.py,12,0,99.91,77.22
s368031625.py,18,0,99.91,85.05
s503178894.py,4,0,11.61,79.14
s593107411.py,15,0,99.91,59.4
s644599577.py,21,0,120.0,57.79
s973436690.py,26,0,99.91,74.31
s156027764.py,14,0,82.04,62.52
s185744216.py,6,0,0,100.0
s424922758.py,5,0,2.0,84.62
s439275119.py,3,0,0,100.0
s490085492.py,7,0,0,100.0
s589457088.py,6,0,0,100.0
s663686909.py,4,0,0,100.0
s692452144.py,SKIPPED,SKIPPED,SKIPPED,SKIPPED
s734094779.py,15,0,34.87,64.36
s893219548.py,9,0,0,100.0
s006445558.py,10,0,4.75,72.64
s044522497.py,6,0,15.51,72.69
s069952946.py,10,0,25.27,68.69
s102385622.py,9,0,38.04,67.45
s124332770.py,8,0,38.04,68.56
s453753105.py,8,0,38.04,68.56
s482014715.py,9,0,4.75,73.77
s817795761.py,10,0,25.27,89.23
s957157478.py,6,0,41.51,71.43
s982492653.py,11,0,66.61,63.71
s054233732.py,20,0,96.0,77.28
s058825781.py,11,0,108.0,62.37
s070640642.py,6,0,229.25,64.63
s142992968.py,8,0,208.97,60.23
s336483975.py,15,0,93.77,59.33
s384609296.py,10,0,120.0,62.96
s451410268.py,9,0,145.95,63.49
s480053179.py,28,1.5,114.45,70.27
s496984985.py,10,0,116.0,64.19
s738024971.py,22,0,113.3,58.75
s041933512.py,15,0,70.32,62.58
s052760623.py,17,0,244.27,54.96
s224597442.py,22,0,450.0,50.93
s313633092.py,25,0,165.67,53.41
s394044070.py,35,3.5,85.84,53.41
s560231328.py,SKIPPED,SKIPPED,SKIPPED,SKIPPED
s756477557.py,18,0,84.0,85.88
s833246561.py,21,0,134.89,55.63
s922080172.py,10,0,85.84,63.07
s997409984.py,26,5.0,245.18,69.13
s008878387.py,5,0,58.6,71.84
s144613711.py,9,0,110.45,65.46
s185813191.py,8,0,43.02,69.59
s222554289.py,14,0,110.36,60.72
s234638029.py,15,0,77.71,76.33
s285381016.py,24,0,128.93,54.31
s312667624.py,24,0,110.36,76.13
s387961185.py,9,0,43.02,67.21
s394618290.py,15,0,66.61,61.56
s771974273.py,8,0,83.4,67.44
s000834186.py,9,0,28.07,69.76
s139086329.py,2,0,2.0,87.35
s227224028.py,11,0,38.04,65.81
s277592678.py,6,0,0,100.0
s475992900.py,9,0,45.0,68.32
s484306856.py,3,0,2.0,84.62
s499926164.py,SKIPPED,SKIPPED,SKIPPED,SKIPPED
s518000669.py,SKIPPED,SKIPPED,SKIPPED,SKIPPED
s569329761.py,11,0,0,100.0
s673444911.py,4,0,2.0,84.62
s010326499.py,31,0,166.52,50.16
s053699766.py,13,0,25.27,92.92
s072739935.py,SKIPPED,SKIPPED,SKIPPED,SKIPPED
s304861663.py,5,0,0,100.0
s353862024.py,22,0,345.95,49.12
s457063202.py,SKIPPED,SKIPPED,SKIPPED,SKIPPED
s625955670.py,13,1.0,13.93,67.64
s663155927.py,14,0,25.27,67.69
s765571034.py,11,0,15.51,70.18
s972791455.py,23,0,69.76,56.19
s020271710.py,25,0,84.0,56.47
s127516778.py,13,0,84.0,62.87
s170888657.py,18,0,68.53,62.26
s323772822.py,12,0,66.61,62.48
s368474764.py,SKIPPED,SKIPPED,SKIPPED,SKIPPED
s421142068.py,SKIPPED,SKIPPED,SKIPPED,SKIPPED
s424238858.py,15,0,112.59,58.37
s425563894.py,10,0,68.53,64.26
s502975646.py,30,0,51.89,55.78
s768869070.py,25,0,79.95,60.87
s026819973.py,12,0,4.75,72.64
s053858745.py,19,0,15.51,65.99
s101832115.py,13,0,28.53,63.9
s122031066.py,18,0,15.51,63.47
s499230592.py,SKIPPED,SKIPPED,SKIPPED,SKIPPED
s622118840.py,22,4.0,2.0,91.37
s834280627.py,23,0,15.51,89.34
s887553584.py,12,0,15.51,67.45
s919326051.py,15,0,15.51,66.69
s962355030.py,5,0,4.75,79.34
s004058109.py,17,0,199.04,56.77
s044640970.py,20,0,283.63,53.32
s225744325.py,32,0,395.41,48.36
s241547485.py,17,0,286.62,56.31
s267279002.py,19,0,383.37,52.27
s369128079.py,13,0,351.03,52.27
s585167686.py,21,0,564.73,49.47
s766976173.py,22,0,348.79,50.9
s779449621.py,23,0,340.0,50.97
s839935249.py,22,0,200.67,52.98
s104778345.py,22,0,214.05,53.19
s108659156.py,10,0,107.31,62.12
s166845896.py,12,0,152.0,60.93
s201307593.py,12,0,140.65,61.03
s212920527.py,12,0,155.59,60.03
s493019358.py,5,0,96.79,68.04
s522654076.py,12,0,144.0,62.13
s582875838.py,10,0,89.86,63.7
s603658843.py,23,0,159.41,53.26
s942201556.py,21,0,283.63,69.96
s186783952.py,12,0,11.61,69.42
s214129181.py,13,0,4.75,72.64
s242890011.py,23,0,120.0,56.71
s267904831.py,8,0,27.0,69.87
s305140466.py,16,0,39.86,62.6
s335857805.py,13,0,4.75,73.64
s358502222.py,14,0,66.61,63.71
s881337270.py,22,0,13.93,63.8
s937208914.py,27,0,28.53,60.84
s969896239.py,17,0,49.83,59.79
s370142383.py,13,0,15.51,67.87
s370902130.py,32,0,43.02,67.55
s371139050.py,14,0,27.0,65.36
s371862950.py,11,0,27.0,67.09
s373821703.py,16,0,28.53,64.57
s374238291.py,22,0,28.53,60.97
s374401199.py,24,0,15.51,80.16
s375411346.py,13,0,43.02,62.92
s577435334.py,9,0,13.93,70.1
s917320683.py,29,0,50.19,56.91
s011003325.py,3,0,0,100.0
s175165176.py,4,0,0,100.0
s287029907.py,8,0,55.35,67.56
s368269430.py,9,0,12.0,71.09
s387158249.py,11,0,106.2,62.56
s421803874.py,10,0,20.9,68.4
s450230277.py,SKIPPED,SKIPPED,SKIPPED,SKIPPED
s471959790.py,7,0,4.75,79.61
s533043318.py,8,0,0,100.0
s962118174.py,8,0,0,100.0
s031239153.py,8,0,4.75,75.16
s034556025.py,7,0,15.51,71.43
s101840147.py,4,0,4.75,79.61
s147946678.py,6,0,4.75,79.47
s219792778.py,13,2.0,53.77,81.73
s249858243.py,5,0,4.75,79.47
s309823221.py,26,4.0,51.89,86.13
s368208835.py,6,0,4.75,77.88
s951772590.py,8,0,15.51,71.43
s999569353.py,7,0,4.75,76.29
s040490758.py,9,0,25.27,68.83
s072858629.py,6,0,12.0,73.47
s075107473.py,19,0,101.95,78.28
s194859009.py,17,0,43.02,63.32
s516362397.py,16,0,117.62,58.91
s531603545.py,18,0,25.27,64.37
s667967673.py,17,0,0,100.0
s701623370.py,3,0,0,100.0
s824961563.py,15,0,38.04,62.47
s828189570.py,8,0,13.93,74.75
s002223862.py,9,0,24.0,71.63
s051392851.py,8,0,15.51,74.42
s068896053.py,22,0,33.69,62.5
s102528889.py,5,0,22.46,71.83
s242715854.py,7,0,12.0,73.74
s310753047.py,3,0,15.51,80.99
s871170661.py,8,0,13.93,73.29
s894027058.py,8,0,13.93,72.02
s946875575.py,7,0,13.93,73.29
s961867738.py,SKIPPED,SKIPPED,SKIPPED,SKIPPED
s021883501.py,15,0,39.86,63.12
s171484205.py,9,0,15.51,70.44
s250120618.py,19,0,39.86,86.79
s281043426.py,27,0,27.0,94.35
s430407919.py,8,0,15.51,71.69
s514309499.py,22,0,38.04,60.23
s570268714.py,14,0,39.86,64.58
s679999662.py,10,0,15.51,71.56
s739642733.py,9,0,15.51,71.56
s797633534.py,8,0,15.51,71.56
s006150245.py,9,0,15.51,69.18
s017269283.py,12,0,15.51,69.31
s023907632.py,13,0,4.75,70.91
s046097791.py,9,0,15.51,69.31
s116264666.py,12,0,15.51,83.16
s158685220.py,SKIPPED,SKIPPED,SKIPPED,SKIPPED
s198495041.py,15,0,25.27,64.64
s226123187.py,14,0,27.0,63.78
s308008730.py,12,0,15.51,96.52
s339041571.py,7,0,15.51,70.31
s103485128.py,19,0,75.28,58.29
s118986297.py,13,0,69.76,62.12
s245865840.py,17,0,69.76,62.12
s259885529.py,29,0,210.83,51.65
s300257469.py,SKIPPED,SKIPPED,SKIPPED,SKIPPED
s733095895.py,18,0,57.06,62.86
s806369748.py,32,2.5,51.89,88.85
s815371083.py,26,0,77.71,56.25
s934739140.py,13,0,57.06,62.86
s985129517.py,19,0,62.27,87.0
s002476885.py,115,3.12,392.17,67.56
s045509917.py,15,0,143.06,57.39
s081076036.py,28,0,173.92,68.59
s732501656.py,17,0,143.06,55.39
s761395796.py,21,0,60.94,58.31
s798849352.py,15,0,92.0,59.44
s820095650.py,25,0,105.49,55.19
s918657324.py,21,0,89.69,54.16
s965611824.py,12,0,156.08,58.31
s995779739.py,21,1.0,140.55,54.72
