filename,status
s082356343,failed
s996953065,pass@3
s725231104,failed
s901218275,failed
s010390929,failed
s142516772,failed
s011154230,failed
s625777569,failed
s396380319,failed
s543580433,failed
s650026017,failed
s661652946,failed
s095287762,failed
s784239905,failed
s354294286,failed
s998928721,failed
s512922599,pass@1
s948994129,pass@1
s006670201,failed
s342764925,failed
s435912433,failed
s838037566,failed
s258130823,pass@5
s859035826,pass@3
s255090983,pass@1
s413915184,failed
s004821086,failed
s127780162,failed
s693269647,pass@5
s908439862,failed
s993872842,failed
s996883089,pass@3
s006645469,failed
s541731237,failed
s096048309,failed
s764158731,failed
s044588462,failed
s097035551,failed
s501232072,pass@1
s789703302,pass@5
s083799619,failed
s644599577,failed
s490085492,failed
s589457088,pass@3
s069952946,pass@1
s482014715,failed
s054233732,failed
s738024971,failed
s041933512,failed
s756477557,failed
s185813191,pass@1
s285381016,failed
s277592678,failed
s569329761,pass@3
s353862024,failed
s765571034,failed
s323772822,failed
s421142068,failed
s122031066,failed
s919326051,pass@3
s241547485,failed
s839935249,failed
s582875838,failed
s603658843,failed
s186783952,failed
s214129181,failed
s370902130,failed
s373821703,failed
s287029907,pass@3
s421803874,pass@3
s368208835,failed
s999569353,failed
s040490758,pass@1
s828189570,failed
s051392851,pass@3
s946875575,failed
s171484205,failed
s250120618,failed
s017269283,failed
s198495041,failed
s118986297,failed
s245865840,failed
s820095650,failed
s965611824,failed
